ModelName,ExceedanceProbability,ProtectedExceedanceProbability,EstimatedModelFrequency,EstimatedModelFrequencyVariance
RL_ddm_DRMlinear,0.00159,0.0599044402109684,0.0876642799991936,0.00319917016045666
AI_ddm0_DRMlinear,0.00474,0.0621286275671271,0.118245346703498,0.0041705353874587
AI_ddm1_DRMlinear,0.6908,0.546549572826252,0.438580115042878,0.00984910390927416
AI_ddm2_DRMlinear,0,0.0587817551645264,0.00834561694811315,0.00033103870503474
AI_ddm3_DRMlinear,0.30287,0.272635604231126,0.347164641306317,0.00906565412531893
