ModelName,Expected Posterior Probability,ExceedanceProbability,ProtectedExceedanceProbability,EstimatedModelFrequency,EstimatedModelFrequencyVariance
RL,0.110641978434732,0.006885,0.0319924006322322,0.0925694175830423,0.00336001282045515
AI0,0.197294924996909,0.065611,0.0830832753984157,0.182451246770288,0.00596651157289022
AI1,0.350714234638927,0.576141,0.527237896765096,0.386611876285822,0.00948572533602313
AI2,0.0359417409447664,0.000188,0.0261660956172621,0.00833672093522362,0.000330688800770873
AI3,0.305407120984665,0.351175,0.331520331586994,0.330030738425625,0.00884441800479446
