ModelName,ExceedanceProbability,ProtectedExceedanceProbability,EstimatedModelFrequency,EstimatedModelFrequencyVariance
RL,0.00341,0.084332881603162,0.0925694175830423,0.00336001282045515
AI0,0.03949,0.105561172115181,0.182451246770288,0.00596651157289022
AI1,0.60556,0.438618223393975,0.386611876285822,0.00948572533602313
AI2,0,0.0823265492681845,0.00833672093522362,0.000330688800770873
AI3,0.35154,0.289161173619497,0.330030738425625,0.00884441800479446
