ModelName,Expected Posterior Probability,ExceedanceProbability,ProtectedExceedanceProbability,EstimatedModelFrequency,EstimatedModelFrequencyVariance
RL_ddm_DRMlinear,0.107534521558984,0.004206,0.0232302744582918,0.0876642799991936,0.00319917016045666
AI_ddm0_DRMlinear,0.15047657908696,0.015993,0.0338719935863556,0.118245346703498,0.0041705353874587
AI_ddm1_DRMlinear,0.39078562199221,0.675519,0.629315316709744,0.438580115042878,0.00984910390927416
AI_ddm2_DRMlinear,0.0367986337262675,0.000133,0.0195530264724936,0.00834561694811315,0.00033103870503474
AI_ddm3_DRMlinear,0.314404643635578,0.304149,0.294029388773115,0.347164641306317,0.00906565412531893
