ModelName,Expected Posterior Probability,ExceedanceProbability,ProtectedExceedanceProbability,EstimatedModelFrequency,EstimatedModelFrequencyVariance
RL,0.081544574301824,3.5e-05,0.000233734640255271,0.0561346163853364,0.0021193408491443
AI0,0.681338013908787,0.999818,0.999023103180558,0.87725642849049,0.004307103486504
AI1,0.103406470104721,7.4e-05,0.000272695880217415,0.00866570398958,0.000343624382557799
AI2,0.03624160103169,1e-06,0.000199768431057505,0.00833969804332222,0.000330805899194737
AI3,0.0974693406529781,7.2e-05,0.000270697867911664,0.0496035530912717,0.00188572162447972
