ModelName,Expected Posterior Probability
RL_ddm_DRMlinear,0.0973719476255965
AI_ddm0_DRMlinear,0.654846074082501
AI_ddm1_DRMlinear,0.205087651202243
AI_ddm2_DRMlinear,0.0114367082085122
AI_ddm3_DRMlinear,0.031257618881148
